question_slug,phase_id,model_id,round_number,metric,comparison_type,comparison_target,value
rq-0-28-isru-cost-methodology-validation,phase-0,claude-opus-4-6,1,tfidf_cosine,within_model_round_to_round,round_1-to-2,0.622486
rq-0-28-isru-cost-methodology-validation,phase-0,claude-opus-4-6,1,keyword_jaccard,within_model_round_to_round,round_1-to-2,0.207488
rq-0-28-isru-cost-methodology-validation,phase-0,claude-opus-4-6,1,heading_jaccard,within_model_round_to_round,round_1-to-2,0.000000
rq-0-28-isru-cost-methodology-validation,phase-0,gemini-3-pro,1,tfidf_cosine,within_model_round_to_round,round_1-to-2,0.638739
rq-0-28-isru-cost-methodology-validation,phase-0,gemini-3-pro,1,keyword_jaccard,within_model_round_to_round,round_1-to-2,0.256566
rq-0-28-isru-cost-methodology-validation,phase-0,gemini-3-pro,1,heading_jaccard,within_model_round_to_round,round_1-to-2,0.000000
rq-0-28-isru-cost-methodology-validation,phase-0,gpt-5-2,1,tfidf_cosine,within_model_round_to_round,round_1-to-2,0.575911
rq-0-28-isru-cost-methodology-validation,phase-0,gpt-5-2,1,keyword_jaccard,within_model_round_to_round,round_1-to-2,0.262537
rq-0-28-isru-cost-methodology-validation,phase-0,gpt-5-2,1,heading_jaccard,within_model_round_to_round,round_1-to-2,0.000000
rq-0-28-isru-cost-methodology-validation,phase-0,claude-opus-4-6,2,tfidf_cosine,within_model_round_to_round,round_2-to-3,0.609628
rq-0-28-isru-cost-methodology-validation,phase-0,claude-opus-4-6,2,keyword_jaccard,within_model_round_to_round,round_2-to-3,0.205052
rq-0-28-isru-cost-methodology-validation,phase-0,claude-opus-4-6,2,heading_jaccard,within_model_round_to_round,round_2-to-3,0.000000
rq-0-28-isru-cost-methodology-validation,phase-0,gemini-3-pro,2,tfidf_cosine,within_model_round_to_round,round_2-to-3,0.548979
rq-0-28-isru-cost-methodology-validation,phase-0,gemini-3-pro,2,keyword_jaccard,within_model_round_to_round,round_2-to-3,0.214829
rq-0-28-isru-cost-methodology-validation,phase-0,gemini-3-pro,2,heading_jaccard,within_model_round_to_round,round_2-to-3,0.076923
rq-0-28-isru-cost-methodology-validation,phase-0,gpt-5-2,2,tfidf_cosine,within_model_round_to_round,round_2-to-3,0.562716
rq-0-28-isru-cost-methodology-validation,phase-0,gpt-5-2,2,keyword_jaccard,within_model_round_to_round,round_2-to-3,0.281525
rq-0-28-isru-cost-methodology-validation,phase-0,gpt-5-2,2,heading_jaccard,within_model_round_to_round,round_2-to-3,0.047619
rq-1-24-swarm-coordination-architecture-scale,phase-1,claude-opus-4-6,1,tfidf_cosine,within_model_round_to_round,round_1-to-2,0.445722
rq-1-24-swarm-coordination-architecture-scale,phase-1,claude-opus-4-6,1,keyword_jaccard,within_model_round_to_round,round_1-to-2,0.210714
rq-1-24-swarm-coordination-architecture-scale,phase-1,claude-opus-4-6,1,heading_jaccard,within_model_round_to_round,round_1-to-2,0.000000
rq-1-24-swarm-coordination-architecture-scale,phase-1,gemini-3-pro,1,tfidf_cosine,within_model_round_to_round,round_1-to-2,0.481889
rq-1-24-swarm-coordination-architecture-scale,phase-1,gemini-3-pro,1,keyword_jaccard,within_model_round_to_round,round_1-to-2,0.201128
rq-1-24-swarm-coordination-architecture-scale,phase-1,gemini-3-pro,1,heading_jaccard,within_model_round_to_round,round_1-to-2,0.000000
rq-1-24-swarm-coordination-architecture-scale,phase-1,gpt-5-2,1,tfidf_cosine,within_model_round_to_round,round_1-to-2,0.558581
rq-1-24-swarm-coordination-architecture-scale,phase-1,gpt-5-2,1,keyword_jaccard,within_model_round_to_round,round_1-to-2,0.235450
rq-1-24-swarm-coordination-architecture-scale,phase-1,gpt-5-2,1,heading_jaccard,within_model_round_to_round,round_1-to-2,0.030303
rq-1-40-slot-reallocation-governance,phase-1,claude-opus-4-6,1,tfidf_cosine,within_model_round_to_round,round_1-to-2,0.660888
rq-1-40-slot-reallocation-governance,phase-1,claude-opus-4-6,1,keyword_jaccard,within_model_round_to_round,round_1-to-2,0.241379
rq-1-40-slot-reallocation-governance,phase-1,claude-opus-4-6,1,heading_jaccard,within_model_round_to_round,round_1-to-2,0.000000
rq-1-40-slot-reallocation-governance,phase-1,gemini-3-pro,1,tfidf_cosine,within_model_round_to_round,round_1-to-2,0.474516
rq-1-40-slot-reallocation-governance,phase-1,gemini-3-pro,1,keyword_jaccard,within_model_round_to_round,round_1-to-2,0.204918
rq-1-40-slot-reallocation-governance,phase-1,gemini-3-pro,1,heading_jaccard,within_model_round_to_round,round_1-to-2,0.090909
rq-1-40-slot-reallocation-governance,phase-1,gpt-5-2,1,tfidf_cosine,within_model_round_to_round,round_1-to-2,0.572453
rq-1-40-slot-reallocation-governance,phase-1,gpt-5-2,1,keyword_jaccard,within_model_round_to_round,round_1-to-2,0.246857
rq-1-40-slot-reallocation-governance,phase-1,gpt-5-2,1,heading_jaccard,within_model_round_to_round,round_1-to-2,0.069767
rq-1-42-node-end-of-life-disposal,phase-1,claude-opus-4-6,1,tfidf_cosine,within_model_round_to_round,round_1-to-2,0.637257
rq-1-42-node-end-of-life-disposal,phase-1,claude-opus-4-6,1,keyword_jaccard,within_model_round_to_round,round_1-to-2,0.242581
rq-1-42-node-end-of-life-disposal,phase-1,claude-opus-4-6,1,heading_jaccard,within_model_round_to_round,round_1-to-2,0.000000
rq-1-42-node-end-of-life-disposal,phase-1,gemini-3-pro,1,tfidf_cosine,within_model_round_to_round,round_1-to-2,0.570291
rq-1-42-node-end-of-life-disposal,phase-1,gemini-3-pro,1,keyword_jaccard,within_model_round_to_round,round_1-to-2,0.226446
rq-1-42-node-end-of-life-disposal,phase-1,gemini-3-pro,1,heading_jaccard,within_model_round_to_round,round_1-to-2,0.000000
rq-1-42-node-end-of-life-disposal,phase-1,gpt-5-2,1,tfidf_cosine,within_model_round_to_round,round_1-to-2,0.568061
rq-1-42-node-end-of-life-disposal,phase-1,gpt-5-2,1,keyword_jaccard,within_model_round_to_round,round_1-to-2,0.257449
rq-1-42-node-end-of-life-disposal,phase-1,gpt-5-2,1,heading_jaccard,within_model_round_to_round,round_1-to-2,0.000000
rq-2-17-fleet-coordination-scale-constraints,phase-2,claude-opus-4-6,1,tfidf_cosine,within_model_round_to_round,round_1-to-2,0.625000
rq-2-17-fleet-coordination-scale-constraints,phase-2,claude-opus-4-6,1,keyword_jaccard,within_model_round_to_round,round_1-to-2,0.216080
rq-2-17-fleet-coordination-scale-constraints,phase-2,claude-opus-4-6,1,heading_jaccard,within_model_round_to_round,round_1-to-2,0.068966
rq-2-17-fleet-coordination-scale-constraints,phase-2,gemini-3-pro,1,tfidf_cosine,within_model_round_to_round,round_1-to-2,0.464332
rq-2-17-fleet-coordination-scale-constraints,phase-2,gemini-3-pro,1,keyword_jaccard,within_model_round_to_round,round_1-to-2,0.146520
rq-2-17-fleet-coordination-scale-constraints,phase-2,gemini-3-pro,1,heading_jaccard,within_model_round_to_round,round_1-to-2,0.000000
rq-2-17-fleet-coordination-scale-constraints,phase-2,gpt-5-2,1,tfidf_cosine,within_model_round_to_round,round_1-to-2,0.583235
rq-2-17-fleet-coordination-scale-constraints,phase-2,gpt-5-2,1,keyword_jaccard,within_model_round_to_round,round_1-to-2,0.246980
rq-2-17-fleet-coordination-scale-constraints,phase-2,gpt-5-2,1,heading_jaccard,within_model_round_to_round,round_1-to-2,0.000000
rq-2-20-swarm-roi-threshold-humanity-power-needs,phase-2,claude-opus-4-6,1,tfidf_cosine,within_model_round_to_round,round_1-to-2,0.634438
rq-2-20-swarm-roi-threshold-humanity-power-needs,phase-2,claude-opus-4-6,1,keyword_jaccard,within_model_round_to_round,round_1-to-2,0.254573
rq-2-20-swarm-roi-threshold-humanity-power-needs,phase-2,claude-opus-4-6,1,heading_jaccard,within_model_round_to_round,round_1-to-2,0.000000
rq-2-20-swarm-roi-threshold-humanity-power-needs,phase-2,gemini-3-pro,1,tfidf_cosine,within_model_round_to_round,round_1-to-2,0.622911
rq-2-20-swarm-roi-threshold-humanity-power-needs,phase-2,gemini-3-pro,1,keyword_jaccard,within_model_round_to_round,round_1-to-2,0.232902
rq-2-20-swarm-roi-threshold-humanity-power-needs,phase-2,gemini-3-pro,1,heading_jaccard,within_model_round_to_round,round_1-to-2,0.062500
rq-2-20-swarm-roi-threshold-humanity-power-needs,phase-2,gpt-5-2,1,tfidf_cosine,within_model_round_to_round,round_1-to-2,0.670703
rq-2-20-swarm-roi-threshold-humanity-power-needs,phase-2,gpt-5-2,1,keyword_jaccard,within_model_round_to_round,round_1-to-2,0.241071
rq-2-20-swarm-roi-threshold-humanity-power-needs,phase-2,gpt-5-2,1,heading_jaccard,within_model_round_to_round,round_1-to-2,0.000000
rq-0-14-propellant-production-phase-0-scope,phase-0,claude-opus-4-6,1,tfidf_cosine,cross_model_within_round,claude-opus-4-6_vs_gemini-3-pro,0.560824
rq-0-14-propellant-production-phase-0-scope,phase-0,gemini-3-pro,1,tfidf_cosine,cross_model_within_round,claude-opus-4-6_vs_gemini-3-pro,0.560824
rq-0-14-propellant-production-phase-0-scope,phase-0,claude-opus-4-6,1,keyword_jaccard,cross_model_within_round,claude-opus-4-6_vs_gemini-3-pro,0.190751
rq-0-14-propellant-production-phase-0-scope,phase-0,gemini-3-pro,1,keyword_jaccard,cross_model_within_round,claude-opus-4-6_vs_gemini-3-pro,0.190751
rq-0-14-propellant-production-phase-0-scope,phase-0,claude-opus-4-6,1,heading_jaccard,cross_model_within_round,claude-opus-4-6_vs_gemini-3-pro,0.000000
rq-0-14-propellant-production-phase-0-scope,phase-0,gemini-3-pro,1,heading_jaccard,cross_model_within_round,claude-opus-4-6_vs_gemini-3-pro,0.000000
rq-0-14-propellant-production-phase-0-scope,phase-0,claude-opus-4-6,1,tfidf_cosine,cross_model_within_round,claude-opus-4-6_vs_gpt-5-2,0.512860
rq-0-14-propellant-production-phase-0-scope,phase-0,gpt-5-2,1,tfidf_cosine,cross_model_within_round,claude-opus-4-6_vs_gpt-5-2,0.512860
rq-0-14-propellant-production-phase-0-scope,phase-0,claude-opus-4-6,1,keyword_jaccard,cross_model_within_round,claude-opus-4-6_vs_gpt-5-2,0.171651
rq-0-14-propellant-production-phase-0-scope,phase-0,gpt-5-2,1,keyword_jaccard,cross_model_within_round,claude-opus-4-6_vs_gpt-5-2,0.171651
rq-0-14-propellant-production-phase-0-scope,phase-0,claude-opus-4-6,1,heading_jaccard,cross_model_within_round,claude-opus-4-6_vs_gpt-5-2,0.000000
rq-0-14-propellant-production-phase-0-scope,phase-0,gpt-5-2,1,heading_jaccard,cross_model_within_round,claude-opus-4-6_vs_gpt-5-2,0.000000
rq-0-14-propellant-production-phase-0-scope,phase-0,gemini-3-pro,1,tfidf_cosine,cross_model_within_round,gemini-3-pro_vs_gpt-5-2,0.514369
rq-0-14-propellant-production-phase-0-scope,phase-0,gpt-5-2,1,tfidf_cosine,cross_model_within_round,gemini-3-pro_vs_gpt-5-2,0.514369
rq-0-14-propellant-production-phase-0-scope,phase-0,gemini-3-pro,1,keyword_jaccard,cross_model_within_round,gemini-3-pro_vs_gpt-5-2,0.146605
rq-0-14-propellant-production-phase-0-scope,phase-0,gpt-5-2,1,keyword_jaccard,cross_model_within_round,gemini-3-pro_vs_gpt-5-2,0.146605
rq-0-14-propellant-production-phase-0-scope,phase-0,gemini-3-pro,1,heading_jaccard,cross_model_within_round,gemini-3-pro_vs_gpt-5-2,0.000000
rq-0-14-propellant-production-phase-0-scope,phase-0,gpt-5-2,1,heading_jaccard,cross_model_within_round,gemini-3-pro_vs_gpt-5-2,0.000000
rq-0-18-human-rating-transport-vehicles,phase-0,claude-opus-4-6,1,tfidf_cosine,cross_model_within_round,claude-opus-4-6_vs_gemini-3-pro,0.517637
rq-0-18-human-rating-transport-vehicles,phase-0,gemini-3-pro,1,tfidf_cosine,cross_model_within_round,claude-opus-4-6_vs_gemini-3-pro,0.517637
rq-0-18-human-rating-transport-vehicles,phase-0,claude-opus-4-6,1,keyword_jaccard,cross_model_within_round,claude-opus-4-6_vs_gemini-3-pro,0.164723
rq-0-18-human-rating-transport-vehicles,phase-0,gemini-3-pro,1,keyword_jaccard,cross_model_within_round,claude-opus-4-6_vs_gemini-3-pro,0.164723
rq-0-18-human-rating-transport-vehicles,phase-0,claude-opus-4-6,1,heading_jaccard,cross_model_within_round,claude-opus-4-6_vs_gemini-3-pro,0.000000
rq-0-18-human-rating-transport-vehicles,phase-0,gemini-3-pro,1,heading_jaccard,cross_model_within_round,claude-opus-4-6_vs_gemini-3-pro,0.000000
rq-0-18-human-rating-transport-vehicles,phase-0,claude-opus-4-6,1,tfidf_cosine,cross_model_within_round,claude-opus-4-6_vs_gpt-5-2,0.566584
rq-0-18-human-rating-transport-vehicles,phase-0,gpt-5-2,1,tfidf_cosine,cross_model_within_round,claude-opus-4-6_vs_gpt-5-2,0.566584
rq-0-18-human-rating-transport-vehicles,phase-0,claude-opus-4-6,1,keyword_jaccard,cross_model_within_round,claude-opus-4-6_vs_gpt-5-2,0.203474
rq-0-18-human-rating-transport-vehicles,phase-0,gpt-5-2,1,keyword_jaccard,cross_model_within_round,claude-opus-4-6_vs_gpt-5-2,0.203474
rq-0-18-human-rating-transport-vehicles,phase-0,claude-opus-4-6,1,heading_jaccard,cross_model_within_round,claude-opus-4-6_vs_gpt-5-2,0.033333
rq-0-18-human-rating-transport-vehicles,phase-0,gpt-5-2,1,heading_jaccard,cross_model_within_round,claude-opus-4-6_vs_gpt-5-2,0.033333
rq-0-18-human-rating-transport-vehicles,phase-0,gemini-3-pro,1,tfidf_cosine,cross_model_within_round,gemini-3-pro_vs_gpt-5-2,0.465007
rq-0-18-human-rating-transport-vehicles,phase-0,gpt-5-2,1,tfidf_cosine,cross_model_within_round,gemini-3-pro_vs_gpt-5-2,0.465007
rq-0-18-human-rating-transport-vehicles,phase-0,gemini-3-pro,1,keyword_jaccard,cross_model_within_round,gemini-3-pro_vs_gpt-5-2,0.154179
rq-0-18-human-rating-transport-vehicles,phase-0,gpt-5-2,1,keyword_jaccard,cross_model_within_round,gemini-3-pro_vs_gpt-5-2,0.154179
rq-0-18-human-rating-transport-vehicles,phase-0,gemini-3-pro,1,heading_jaccard,cross_model_within_round,gemini-3-pro_vs_gpt-5-2,0.000000
rq-0-18-human-rating-transport-vehicles,phase-0,gpt-5-2,1,heading_jaccard,cross_model_within_round,gemini-3-pro_vs_gpt-5-2,0.000000
rq-0-26-dual-bucket-wheel-excavation,phase-0,claude-opus-4-6,1,tfidf_cosine,cross_model_within_round,claude-opus-4-6_vs_gemini-3-pro,0.453214
rq-0-26-dual-bucket-wheel-excavation,phase-0,gemini-3-pro,1,tfidf_cosine,cross_model_within_round,claude-opus-4-6_vs_gemini-3-pro,0.453214
rq-0-26-dual-bucket-wheel-excavation,phase-0,claude-opus-4-6,1,keyword_jaccard,cross_model_within_round,claude-opus-4-6_vs_gemini-3-pro,0.181311
rq-0-26-dual-bucket-wheel-excavation,phase-0,gemini-3-pro,1,keyword_jaccard,cross_model_within_round,claude-opus-4-6_vs_gemini-3-pro,0.181311
rq-0-26-dual-bucket-wheel-excavation,phase-0,claude-opus-4-6,1,heading_jaccard,cross_model_within_round,claude-opus-4-6_vs_gemini-3-pro,0.000000
rq-0-26-dual-bucket-wheel-excavation,phase-0,gemini-3-pro,1,heading_jaccard,cross_model_within_round,claude-opus-4-6_vs_gemini-3-pro,0.000000
rq-0-26-dual-bucket-wheel-excavation,phase-0,claude-opus-4-6,1,tfidf_cosine,cross_model_within_round,claude-opus-4-6_vs_gpt-5-2,0.498666
rq-0-26-dual-bucket-wheel-excavation,phase-0,gpt-5-2,1,tfidf_cosine,cross_model_within_round,claude-opus-4-6_vs_gpt-5-2,0.498666
rq-0-26-dual-bucket-wheel-excavation,phase-0,claude-opus-4-6,1,keyword_jaccard,cross_model_within_round,claude-opus-4-6_vs_gpt-5-2,0.208477
rq-0-26-dual-bucket-wheel-excavation,phase-0,gpt-5-2,1,keyword_jaccard,cross_model_within_round,claude-opus-4-6_vs_gpt-5-2,0.208477
rq-0-26-dual-bucket-wheel-excavation,phase-0,claude-opus-4-6,1,heading_jaccard,cross_model_within_round,claude-opus-4-6_vs_gpt-5-2,0.000000
rq-0-26-dual-bucket-wheel-excavation,phase-0,gpt-5-2,1,heading_jaccard,cross_model_within_round,claude-opus-4-6_vs_gpt-5-2,0.000000
rq-0-26-dual-bucket-wheel-excavation,phase-0,gemini-3-pro,1,tfidf_cosine,cross_model_within_round,gemini-3-pro_vs_gpt-5-2,0.344293
rq-0-26-dual-bucket-wheel-excavation,phase-0,gpt-5-2,1,tfidf_cosine,cross_model_within_round,gemini-3-pro_vs_gpt-5-2,0.344293
rq-0-26-dual-bucket-wheel-excavation,phase-0,gemini-3-pro,1,keyword_jaccard,cross_model_within_round,gemini-3-pro_vs_gpt-5-2,0.141655
rq-0-26-dual-bucket-wheel-excavation,phase-0,gpt-5-2,1,keyword_jaccard,cross_model_within_round,gemini-3-pro_vs_gpt-5-2,0.141655
rq-0-26-dual-bucket-wheel-excavation,phase-0,gemini-3-pro,1,heading_jaccard,cross_model_within_round,gemini-3-pro_vs_gpt-5-2,0.000000
rq-0-26-dual-bucket-wheel-excavation,phase-0,gpt-5-2,1,heading_jaccard,cross_model_within_round,gemini-3-pro_vs_gpt-5-2,0.000000
rq-0-28-isru-cost-methodology-validation,phase-0,claude-opus-4-6,1,tfidf_cosine,cross_model_within_round,claude-opus-4-6_vs_gemini-3-pro,0.569937
rq-0-28-isru-cost-methodology-validation,phase-0,gemini-3-pro,1,tfidf_cosine,cross_model_within_round,claude-opus-4-6_vs_gemini-3-pro,0.569937
rq-0-28-isru-cost-methodology-validation,phase-0,claude-opus-4-6,1,keyword_jaccard,cross_model_within_round,claude-opus-4-6_vs_gemini-3-pro,0.173267
rq-0-28-isru-cost-methodology-validation,phase-0,gemini-3-pro,1,keyword_jaccard,cross_model_within_round,claude-opus-4-6_vs_gemini-3-pro,0.173267
rq-0-28-isru-cost-methodology-validation,phase-0,claude-opus-4-6,1,heading_jaccard,cross_model_within_round,claude-opus-4-6_vs_gemini-3-pro,0.000000
rq-0-28-isru-cost-methodology-validation,phase-0,gemini-3-pro,1,heading_jaccard,cross_model_within_round,claude-opus-4-6_vs_gemini-3-pro,0.000000
rq-0-28-isru-cost-methodology-validation,phase-0,claude-opus-4-6,1,tfidf_cosine,cross_model_within_round,claude-opus-4-6_vs_gpt-5-2,0.403055
rq-0-28-isru-cost-methodology-validation,phase-0,gpt-5-2,1,tfidf_cosine,cross_model_within_round,claude-opus-4-6_vs_gpt-5-2,0.403055
rq-0-28-isru-cost-methodology-validation,phase-0,claude-opus-4-6,1,keyword_jaccard,cross_model_within_round,claude-opus-4-6_vs_gpt-5-2,0.157534
rq-0-28-isru-cost-methodology-validation,phase-0,gpt-5-2,1,keyword_jaccard,cross_model_within_round,claude-opus-4-6_vs_gpt-5-2,0.157534
rq-0-28-isru-cost-methodology-validation,phase-0,claude-opus-4-6,1,heading_jaccard,cross_model_within_round,claude-opus-4-6_vs_gpt-5-2,0.000000
rq-0-28-isru-cost-methodology-validation,phase-0,gpt-5-2,1,heading_jaccard,cross_model_within_round,claude-opus-4-6_vs_gpt-5-2,0.000000
rq-0-28-isru-cost-methodology-validation,phase-0,gemini-3-pro,1,tfidf_cosine,cross_model_within_round,gemini-3-pro_vs_gpt-5-2,0.411740
rq-0-28-isru-cost-methodology-validation,phase-0,gpt-5-2,1,tfidf_cosine,cross_model_within_round,gemini-3-pro_vs_gpt-5-2,0.411740
rq-0-28-isru-cost-methodology-validation,phase-0,gemini-3-pro,1,keyword_jaccard,cross_model_within_round,gemini-3-pro_vs_gpt-5-2,0.162500
rq-0-28-isru-cost-methodology-validation,phase-0,gpt-5-2,1,keyword_jaccard,cross_model_within_round,gemini-3-pro_vs_gpt-5-2,0.162500
rq-0-28-isru-cost-methodology-validation,phase-0,gemini-3-pro,1,heading_jaccard,cross_model_within_round,gemini-3-pro_vs_gpt-5-2,0.000000
rq-0-28-isru-cost-methodology-validation,phase-0,gpt-5-2,1,heading_jaccard,cross_model_within_round,gemini-3-pro_vs_gpt-5-2,0.000000
rq-0-28-isru-cost-methodology-validation,phase-0,claude-opus-4-6,2,tfidf_cosine,cross_model_within_round,claude-opus-4-6_vs_gemini-3-pro,0.544891
rq-0-28-isru-cost-methodology-validation,phase-0,gemini-3-pro,2,tfidf_cosine,cross_model_within_round,claude-opus-4-6_vs_gemini-3-pro,0.544891
rq-0-28-isru-cost-methodology-validation,phase-0,claude-opus-4-6,2,keyword_jaccard,cross_model_within_round,claude-opus-4-6_vs_gemini-3-pro,0.176976
rq-0-28-isru-cost-methodology-validation,phase-0,gemini-3-pro,2,keyword_jaccard,cross_model_within_round,claude-opus-4-6_vs_gemini-3-pro,0.176976
rq-0-28-isru-cost-methodology-validation,phase-0,claude-opus-4-6,2,heading_jaccard,cross_model_within_round,claude-opus-4-6_vs_gemini-3-pro,0.000000
rq-0-28-isru-cost-methodology-validation,phase-0,gemini-3-pro,2,heading_jaccard,cross_model_within_round,claude-opus-4-6_vs_gemini-3-pro,0.000000
rq-0-28-isru-cost-methodology-validation,phase-0,claude-opus-4-6,2,tfidf_cosine,cross_model_within_round,claude-opus-4-6_vs_gpt-5-2,0.519524
rq-0-28-isru-cost-methodology-validation,phase-0,gpt-5-2,2,tfidf_cosine,cross_model_within_round,claude-opus-4-6_vs_gpt-5-2,0.519524
rq-0-28-isru-cost-methodology-validation,phase-0,claude-opus-4-6,2,keyword_jaccard,cross_model_within_round,claude-opus-4-6_vs_gpt-5-2,0.184012
rq-0-28-isru-cost-methodology-validation,phase-0,gpt-5-2,2,keyword_jaccard,cross_model_within_round,claude-opus-4-6_vs_gpt-5-2,0.184012
rq-0-28-isru-cost-methodology-validation,phase-0,claude-opus-4-6,2,heading_jaccard,cross_model_within_round,claude-opus-4-6_vs_gpt-5-2,0.043478
rq-0-28-isru-cost-methodology-validation,phase-0,gpt-5-2,2,heading_jaccard,cross_model_within_round,claude-opus-4-6_vs_gpt-5-2,0.043478
rq-0-28-isru-cost-methodology-validation,phase-0,gemini-3-pro,2,tfidf_cosine,cross_model_within_round,gemini-3-pro_vs_gpt-5-2,0.408958
rq-0-28-isru-cost-methodology-validation,phase-0,gpt-5-2,2,tfidf_cosine,cross_model_within_round,gemini-3-pro_vs_gpt-5-2,0.408958
rq-0-28-isru-cost-methodology-validation,phase-0,gemini-3-pro,2,keyword_jaccard,cross_model_within_round,gemini-3-pro_vs_gpt-5-2,0.185784
rq-0-28-isru-cost-methodology-validation,phase-0,gpt-5-2,2,keyword_jaccard,cross_model_within_round,gemini-3-pro_vs_gpt-5-2,0.185784
rq-0-28-isru-cost-methodology-validation,phase-0,gemini-3-pro,2,heading_jaccard,cross_model_within_round,gemini-3-pro_vs_gpt-5-2,0.000000
rq-0-28-isru-cost-methodology-validation,phase-0,gpt-5-2,2,heading_jaccard,cross_model_within_round,gemini-3-pro_vs_gpt-5-2,0.000000
rq-0-28-isru-cost-methodology-validation,phase-0,claude-opus-4-6,3,tfidf_cosine,cross_model_within_round,claude-opus-4-6_vs_gemini-3-pro,0.401249
rq-0-28-isru-cost-methodology-validation,phase-0,gemini-3-pro,3,tfidf_cosine,cross_model_within_round,claude-opus-4-6_vs_gemini-3-pro,0.401249
rq-0-28-isru-cost-methodology-validation,phase-0,claude-opus-4-6,3,keyword_jaccard,cross_model_within_round,claude-opus-4-6_vs_gemini-3-pro,0.133333
rq-0-28-isru-cost-methodology-validation,phase-0,gemini-3-pro,3,keyword_jaccard,cross_model_within_round,claude-opus-4-6_vs_gemini-3-pro,0.133333
rq-0-28-isru-cost-methodology-validation,phase-0,claude-opus-4-6,3,heading_jaccard,cross_model_within_round,claude-opus-4-6_vs_gemini-3-pro,0.000000
rq-0-28-isru-cost-methodology-validation,phase-0,gemini-3-pro,3,heading_jaccard,cross_model_within_round,claude-opus-4-6_vs_gemini-3-pro,0.000000
rq-0-28-isru-cost-methodology-validation,phase-0,claude-opus-4-6,3,tfidf_cosine,cross_model_within_round,claude-opus-4-6_vs_gpt-5-2,0.342442
rq-0-28-isru-cost-methodology-validation,phase-0,gpt-5-2,3,tfidf_cosine,cross_model_within_round,claude-opus-4-6_vs_gpt-5-2,0.342442
rq-0-28-isru-cost-methodology-validation,phase-0,claude-opus-4-6,3,keyword_jaccard,cross_model_within_round,claude-opus-4-6_vs_gpt-5-2,0.161290
rq-0-28-isru-cost-methodology-validation,phase-0,gpt-5-2,3,keyword_jaccard,cross_model_within_round,claude-opus-4-6_vs_gpt-5-2,0.161290
rq-0-28-isru-cost-methodology-validation,phase-0,claude-opus-4-6,3,heading_jaccard,cross_model_within_round,claude-opus-4-6_vs_gpt-5-2,0.000000
rq-0-28-isru-cost-methodology-validation,phase-0,gpt-5-2,3,heading_jaccard,cross_model_within_round,claude-opus-4-6_vs_gpt-5-2,0.000000
rq-0-28-isru-cost-methodology-validation,phase-0,gemini-3-pro,3,tfidf_cosine,cross_model_within_round,gemini-3-pro_vs_gpt-5-2,0.376351
rq-0-28-isru-cost-methodology-validation,phase-0,gpt-5-2,3,tfidf_cosine,cross_model_within_round,gemini-3-pro_vs_gpt-5-2,0.376351
rq-0-28-isru-cost-methodology-validation,phase-0,gemini-3-pro,3,keyword_jaccard,cross_model_within_round,gemini-3-pro_vs_gpt-5-2,0.147275
rq-0-28-isru-cost-methodology-validation,phase-0,gpt-5-2,3,keyword_jaccard,cross_model_within_round,gemini-3-pro_vs_gpt-5-2,0.147275
rq-0-28-isru-cost-methodology-validation,phase-0,gemini-3-pro,3,heading_jaccard,cross_model_within_round,gemini-3-pro_vs_gpt-5-2,0.000000
rq-0-28-isru-cost-methodology-validation,phase-0,gpt-5-2,3,heading_jaccard,cross_model_within_round,gemini-3-pro_vs_gpt-5-2,0.000000
rq-0-29-multi-century-governance-structure,phase-0,claude-opus-4-6,1,tfidf_cosine,cross_model_within_round,claude-opus-4-6_vs_gemini-3-pro,0.327684
rq-0-29-multi-century-governance-structure,phase-0,gemini-3-pro,1,tfidf_cosine,cross_model_within_round,claude-opus-4-6_vs_gemini-3-pro,0.327684
rq-0-29-multi-century-governance-structure,phase-0,claude-opus-4-6,1,keyword_jaccard,cross_model_within_round,claude-opus-4-6_vs_gemini-3-pro,0.149606
rq-0-29-multi-century-governance-structure,phase-0,gemini-3-pro,1,keyword_jaccard,cross_model_within_round,claude-opus-4-6_vs_gemini-3-pro,0.149606
rq-0-29-multi-century-governance-structure,phase-0,claude-opus-4-6,1,heading_jaccard,cross_model_within_round,claude-opus-4-6_vs_gemini-3-pro,0.000000
rq-0-29-multi-century-governance-structure,phase-0,gemini-3-pro,1,heading_jaccard,cross_model_within_round,claude-opus-4-6_vs_gemini-3-pro,0.000000
rq-0-29-multi-century-governance-structure,phase-0,claude-opus-4-6,1,tfidf_cosine,cross_model_within_round,claude-opus-4-6_vs_gpt-5-2,0.357399
rq-0-29-multi-century-governance-structure,phase-0,gpt-5-2,1,tfidf_cosine,cross_model_within_round,claude-opus-4-6_vs_gpt-5-2,0.357399
rq-0-29-multi-century-governance-structure,phase-0,claude-opus-4-6,1,keyword_jaccard,cross_model_within_round,claude-opus-4-6_vs_gpt-5-2,0.188298
rq-0-29-multi-century-governance-structure,phase-0,gpt-5-2,1,keyword_jaccard,cross_model_within_round,claude-opus-4-6_vs_gpt-5-2,0.188298
rq-0-29-multi-century-governance-structure,phase-0,claude-opus-4-6,1,heading_jaccard,cross_model_within_round,claude-opus-4-6_vs_gpt-5-2,0.000000
rq-0-29-multi-century-governance-structure,phase-0,gpt-5-2,1,heading_jaccard,cross_model_within_round,claude-opus-4-6_vs_gpt-5-2,0.000000
rq-0-29-multi-century-governance-structure,phase-0,gemini-3-pro,1,tfidf_cosine,cross_model_within_round,gemini-3-pro_vs_gpt-5-2,0.315687
rq-0-29-multi-century-governance-structure,phase-0,gpt-5-2,1,tfidf_cosine,cross_model_within_round,gemini-3-pro_vs_gpt-5-2,0.315687
rq-0-29-multi-century-governance-structure,phase-0,gemini-3-pro,1,keyword_jaccard,cross_model_within_round,gemini-3-pro_vs_gpt-5-2,0.158463
rq-0-29-multi-century-governance-structure,phase-0,gpt-5-2,1,keyword_jaccard,cross_model_within_round,gemini-3-pro_vs_gpt-5-2,0.158463
rq-0-29-multi-century-governance-structure,phase-0,gemini-3-pro,1,heading_jaccard,cross_model_within_round,gemini-3-pro_vs_gpt-5-2,0.000000
rq-0-29-multi-century-governance-structure,phase-0,gpt-5-2,1,heading_jaccard,cross_model_within_round,gemini-3-pro_vs_gpt-5-2,0.000000
rq-1-11-swarm-power-architecture-end-use,phase-1,claude-opus-4-6,1,tfidf_cosine,cross_model_within_round,claude-opus-4-6_vs_gemini-3-pro,0.563589
rq-1-11-swarm-power-architecture-end-use,phase-1,gemini-3-pro,1,tfidf_cosine,cross_model_within_round,claude-opus-4-6_vs_gemini-3-pro,0.563589
rq-1-11-swarm-power-architecture-end-use,phase-1,claude-opus-4-6,1,keyword_jaccard,cross_model_within_round,claude-opus-4-6_vs_gemini-3-pro,0.197568
rq-1-11-swarm-power-architecture-end-use,phase-1,gemini-3-pro,1,keyword_jaccard,cross_model_within_round,claude-opus-4-6_vs_gemini-3-pro,0.197568
rq-1-11-swarm-power-architecture-end-use,phase-1,claude-opus-4-6,1,heading_jaccard,cross_model_within_round,claude-opus-4-6_vs_gemini-3-pro,0.000000
rq-1-11-swarm-power-architecture-end-use,phase-1,gemini-3-pro,1,heading_jaccard,cross_model_within_round,claude-opus-4-6_vs_gemini-3-pro,0.000000
rq-1-11-swarm-power-architecture-end-use,phase-1,claude-opus-4-6,1,tfidf_cosine,cross_model_within_round,claude-opus-4-6_vs_gpt-5-2,0.603138
rq-1-11-swarm-power-architecture-end-use,phase-1,gpt-5-2,1,tfidf_cosine,cross_model_within_round,claude-opus-4-6_vs_gpt-5-2,0.603138
rq-1-11-swarm-power-architecture-end-use,phase-1,claude-opus-4-6,1,keyword_jaccard,cross_model_within_round,claude-opus-4-6_vs_gpt-5-2,0.230552
rq-1-11-swarm-power-architecture-end-use,phase-1,gpt-5-2,1,keyword_jaccard,cross_model_within_round,claude-opus-4-6_vs_gpt-5-2,0.230552
rq-1-11-swarm-power-architecture-end-use,phase-1,claude-opus-4-6,1,heading_jaccard,cross_model_within_round,claude-opus-4-6_vs_gpt-5-2,0.000000
rq-1-11-swarm-power-architecture-end-use,phase-1,gpt-5-2,1,heading_jaccard,cross_model_within_round,claude-opus-4-6_vs_gpt-5-2,0.000000
rq-1-11-swarm-power-architecture-end-use,phase-1,gemini-3-pro,1,tfidf_cosine,cross_model_within_round,gemini-3-pro_vs_gpt-5-2,0.475502
rq-1-11-swarm-power-architecture-end-use,phase-1,gpt-5-2,1,tfidf_cosine,cross_model_within_round,gemini-3-pro_vs_gpt-5-2,0.475502
rq-1-11-swarm-power-architecture-end-use,phase-1,gemini-3-pro,1,keyword_jaccard,cross_model_within_round,gemini-3-pro_vs_gpt-5-2,0.179173
rq-1-11-swarm-power-architecture-end-use,phase-1,gpt-5-2,1,keyword_jaccard,cross_model_within_round,gemini-3-pro_vs_gpt-5-2,0.179173
rq-1-11-swarm-power-architecture-end-use,phase-1,gemini-3-pro,1,heading_jaccard,cross_model_within_round,gemini-3-pro_vs_gpt-5-2,0.000000
rq-1-11-swarm-power-architecture-end-use,phase-1,gpt-5-2,1,heading_jaccard,cross_model_within_round,gemini-3-pro_vs_gpt-5-2,0.000000
rq-1-16-autonomous-assembly-certification,phase-1,claude-opus-4-6,1,tfidf_cosine,cross_model_within_round,claude-opus-4-6_vs_gemini-3-pro,0.406352
rq-1-16-autonomous-assembly-certification,phase-1,gemini-3-pro,1,tfidf_cosine,cross_model_within_round,claude-opus-4-6_vs_gemini-3-pro,0.406352
rq-1-16-autonomous-assembly-certification,phase-1,claude-opus-4-6,1,keyword_jaccard,cross_model_within_round,claude-opus-4-6_vs_gemini-3-pro,0.170673
rq-1-16-autonomous-assembly-certification,phase-1,gemini-3-pro,1,keyword_jaccard,cross_model_within_round,claude-opus-4-6_vs_gemini-3-pro,0.170673
rq-1-16-autonomous-assembly-certification,phase-1,claude-opus-4-6,1,heading_jaccard,cross_model_within_round,claude-opus-4-6_vs_gemini-3-pro,0.000000
rq-1-16-autonomous-assembly-certification,phase-1,gemini-3-pro,1,heading_jaccard,cross_model_within_round,claude-opus-4-6_vs_gemini-3-pro,0.000000
rq-1-16-autonomous-assembly-certification,phase-1,claude-opus-4-6,1,tfidf_cosine,cross_model_within_round,claude-opus-4-6_vs_gpt-5-2,0.424999
rq-1-16-autonomous-assembly-certification,phase-1,gpt-5-2,1,tfidf_cosine,cross_model_within_round,claude-opus-4-6_vs_gpt-5-2,0.424999
rq-1-16-autonomous-assembly-certification,phase-1,claude-opus-4-6,1,keyword_jaccard,cross_model_within_round,claude-opus-4-6_vs_gpt-5-2,0.208970
rq-1-16-autonomous-assembly-certification,phase-1,gpt-5-2,1,keyword_jaccard,cross_model_within_round,claude-opus-4-6_vs_gpt-5-2,0.208970
rq-1-16-autonomous-assembly-certification,phase-1,claude-opus-4-6,1,heading_jaccard,cross_model_within_round,claude-opus-4-6_vs_gpt-5-2,0.000000
rq-1-16-autonomous-assembly-certification,phase-1,gpt-5-2,1,heading_jaccard,cross_model_within_round,claude-opus-4-6_vs_gpt-5-2,0.000000
rq-1-16-autonomous-assembly-certification,phase-1,gemini-3-pro,1,tfidf_cosine,cross_model_within_round,gemini-3-pro_vs_gpt-5-2,0.393923
rq-1-16-autonomous-assembly-certification,phase-1,gpt-5-2,1,tfidf_cosine,cross_model_within_round,gemini-3-pro_vs_gpt-5-2,0.393923
rq-1-16-autonomous-assembly-certification,phase-1,gemini-3-pro,1,keyword_jaccard,cross_model_within_round,gemini-3-pro_vs_gpt-5-2,0.175772
rq-1-16-autonomous-assembly-certification,phase-1,gpt-5-2,1,keyword_jaccard,cross_model_within_round,gemini-3-pro_vs_gpt-5-2,0.175772
rq-1-16-autonomous-assembly-certification,phase-1,gemini-3-pro,1,heading_jaccard,cross_model_within_round,gemini-3-pro_vs_gpt-5-2,0.000000
rq-1-16-autonomous-assembly-certification,phase-1,gpt-5-2,1,heading_jaccard,cross_model_within_round,gemini-3-pro_vs_gpt-5-2,0.000000
rq-1-21-feedstock-acquisition-isru-timeline,phase-1,claude-opus-4-6,1,tfidf_cosine,cross_model_within_round,claude-opus-4-6_vs_gemini-3-pro,0.596591
rq-1-21-feedstock-acquisition-isru-timeline,phase-1,gemini-3-pro,1,tfidf_cosine,cross_model_within_round,claude-opus-4-6_vs_gemini-3-pro,0.596591
rq-1-21-feedstock-acquisition-isru-timeline,phase-1,claude-opus-4-6,1,keyword_jaccard,cross_model_within_round,claude-opus-4-6_vs_gemini-3-pro,0.186418
rq-1-21-feedstock-acquisition-isru-timeline,phase-1,gemini-3-pro,1,keyword_jaccard,cross_model_within_round,claude-opus-4-6_vs_gemini-3-pro,0.186418
rq-1-21-feedstock-acquisition-isru-timeline,phase-1,claude-opus-4-6,1,heading_jaccard,cross_model_within_round,claude-opus-4-6_vs_gemini-3-pro,0.086957
rq-1-21-feedstock-acquisition-isru-timeline,phase-1,gemini-3-pro,1,heading_jaccard,cross_model_within_round,claude-opus-4-6_vs_gemini-3-pro,0.086957
rq-1-21-feedstock-acquisition-isru-timeline,phase-1,claude-opus-4-6,1,tfidf_cosine,cross_model_within_round,claude-opus-4-6_vs_gpt-5-2,0.590930
rq-1-21-feedstock-acquisition-isru-timeline,phase-1,gpt-5-2,1,tfidf_cosine,cross_model_within_round,claude-opus-4-6_vs_gpt-5-2,0.590930
rq-1-21-feedstock-acquisition-isru-timeline,phase-1,claude-opus-4-6,1,keyword_jaccard,cross_model_within_round,claude-opus-4-6_vs_gpt-5-2,0.203163
rq-1-21-feedstock-acquisition-isru-timeline,phase-1,gpt-5-2,1,keyword_jaccard,cross_model_within_round,claude-opus-4-6_vs_gpt-5-2,0.203163
rq-1-21-feedstock-acquisition-isru-timeline,phase-1,claude-opus-4-6,1,heading_jaccard,cross_model_within_round,claude-opus-4-6_vs_gpt-5-2,0.000000
rq-1-21-feedstock-acquisition-isru-timeline,phase-1,gpt-5-2,1,heading_jaccard,cross_model_within_round,claude-opus-4-6_vs_gpt-5-2,0.000000
rq-1-21-feedstock-acquisition-isru-timeline,phase-1,gemini-3-pro,1,tfidf_cosine,cross_model_within_round,gemini-3-pro_vs_gpt-5-2,0.572930
rq-1-21-feedstock-acquisition-isru-timeline,phase-1,gpt-5-2,1,tfidf_cosine,cross_model_within_round,gemini-3-pro_vs_gpt-5-2,0.572930
rq-1-21-feedstock-acquisition-isru-timeline,phase-1,gemini-3-pro,1,keyword_jaccard,cross_model_within_round,gemini-3-pro_vs_gpt-5-2,0.178423
rq-1-21-feedstock-acquisition-isru-timeline,phase-1,gpt-5-2,1,keyword_jaccard,cross_model_within_round,gemini-3-pro_vs_gpt-5-2,0.178423
rq-1-21-feedstock-acquisition-isru-timeline,phase-1,gemini-3-pro,1,heading_jaccard,cross_model_within_round,gemini-3-pro_vs_gpt-5-2,0.000000
rq-1-21-feedstock-acquisition-isru-timeline,phase-1,gpt-5-2,1,heading_jaccard,cross_model_within_round,gemini-3-pro_vs_gpt-5-2,0.000000
rq-1-24-swarm-coordination-architecture-scale,phase-1,claude-opus-4-6,1,tfidf_cosine,cross_model_within_round,claude-opus-4-6_vs_gemini-3-pro,0.398101
rq-1-24-swarm-coordination-architecture-scale,phase-1,gemini-3-pro,1,tfidf_cosine,cross_model_within_round,claude-opus-4-6_vs_gemini-3-pro,0.398101
rq-1-24-swarm-coordination-architecture-scale,phase-1,claude-opus-4-6,1,keyword_jaccard,cross_model_within_round,claude-opus-4-6_vs_gemini-3-pro,0.141259
rq-1-24-swarm-coordination-architecture-scale,phase-1,gemini-3-pro,1,keyword_jaccard,cross_model_within_round,claude-opus-4-6_vs_gemini-3-pro,0.141259
rq-1-24-swarm-coordination-architecture-scale,phase-1,claude-opus-4-6,1,heading_jaccard,cross_model_within_round,claude-opus-4-6_vs_gemini-3-pro,0.000000
rq-1-24-swarm-coordination-architecture-scale,phase-1,gemini-3-pro,1,heading_jaccard,cross_model_within_round,claude-opus-4-6_vs_gemini-3-pro,0.000000
rq-1-24-swarm-coordination-architecture-scale,phase-1,claude-opus-4-6,1,tfidf_cosine,cross_model_within_round,claude-opus-4-6_vs_gpt-5-2,0.304595
rq-1-24-swarm-coordination-architecture-scale,phase-1,gpt-5-2,1,tfidf_cosine,cross_model_within_round,claude-opus-4-6_vs_gpt-5-2,0.304595
rq-1-24-swarm-coordination-architecture-scale,phase-1,claude-opus-4-6,1,keyword_jaccard,cross_model_within_round,claude-opus-4-6_vs_gpt-5-2,0.154946
rq-1-24-swarm-coordination-architecture-scale,phase-1,gpt-5-2,1,keyword_jaccard,cross_model_within_round,claude-opus-4-6_vs_gpt-5-2,0.154946
rq-1-24-swarm-coordination-architecture-scale,phase-1,claude-opus-4-6,1,heading_jaccard,cross_model_within_round,claude-opus-4-6_vs_gpt-5-2,0.000000
rq-1-24-swarm-coordination-architecture-scale,phase-1,gpt-5-2,1,heading_jaccard,cross_model_within_round,claude-opus-4-6_vs_gpt-5-2,0.000000
rq-1-24-swarm-coordination-architecture-scale,phase-1,gemini-3-pro,1,tfidf_cosine,cross_model_within_round,gemini-3-pro_vs_gpt-5-2,0.297971
rq-1-24-swarm-coordination-architecture-scale,phase-1,gpt-5-2,1,tfidf_cosine,cross_model_within_round,gemini-3-pro_vs_gpt-5-2,0.297971
rq-1-24-swarm-coordination-architecture-scale,phase-1,gemini-3-pro,1,keyword_jaccard,cross_model_within_round,gemini-3-pro_vs_gpt-5-2,0.137733
rq-1-24-swarm-coordination-architecture-scale,phase-1,gpt-5-2,1,keyword_jaccard,cross_model_within_round,gemini-3-pro_vs_gpt-5-2,0.137733
rq-1-24-swarm-coordination-architecture-scale,phase-1,gemini-3-pro,1,heading_jaccard,cross_model_within_round,gemini-3-pro_vs_gpt-5-2,0.000000
rq-1-24-swarm-coordination-architecture-scale,phase-1,gpt-5-2,1,heading_jaccard,cross_model_within_round,gemini-3-pro_vs_gpt-5-2,0.000000
rq-1-24-swarm-coordination-architecture-scale,phase-1,claude-opus-4-6,2,tfidf_cosine,cross_model_within_round,claude-opus-4-6_vs_gemini-3-pro,0.309009
rq-1-24-swarm-coordination-architecture-scale,phase-1,gemini-3-pro,2,tfidf_cosine,cross_model_within_round,claude-opus-4-6_vs_gemini-3-pro,0.309009
rq-1-24-swarm-coordination-architecture-scale,phase-1,claude-opus-4-6,2,keyword_jaccard,cross_model_within_round,claude-opus-4-6_vs_gemini-3-pro,0.158621
rq-1-24-swarm-coordination-architecture-scale,phase-1,gemini-3-pro,2,keyword_jaccard,cross_model_within_round,claude-opus-4-6_vs_gemini-3-pro,0.158621
rq-1-24-swarm-coordination-architecture-scale,phase-1,claude-opus-4-6,2,heading_jaccard,cross_model_within_round,claude-opus-4-6_vs_gemini-3-pro,0.000000
rq-1-24-swarm-coordination-architecture-scale,phase-1,gemini-3-pro,2,heading_jaccard,cross_model_within_round,claude-opus-4-6_vs_gemini-3-pro,0.000000
rq-1-24-swarm-coordination-architecture-scale,phase-1,claude-opus-4-6,2,tfidf_cosine,cross_model_within_round,claude-opus-4-6_vs_gpt-5-2,0.322352
rq-1-24-swarm-coordination-architecture-scale,phase-1,gpt-5-2,2,tfidf_cosine,cross_model_within_round,claude-opus-4-6_vs_gpt-5-2,0.322352
rq-1-24-swarm-coordination-architecture-scale,phase-1,claude-opus-4-6,2,keyword_jaccard,cross_model_within_round,claude-opus-4-6_vs_gpt-5-2,0.156655
rq-1-24-swarm-coordination-architecture-scale,phase-1,gpt-5-2,2,keyword_jaccard,cross_model_within_round,claude-opus-4-6_vs_gpt-5-2,0.156655
rq-1-24-swarm-coordination-architecture-scale,phase-1,claude-opus-4-6,2,heading_jaccard,cross_model_within_round,claude-opus-4-6_vs_gpt-5-2,0.000000
rq-1-24-swarm-coordination-architecture-scale,phase-1,gpt-5-2,2,heading_jaccard,cross_model_within_round,claude-opus-4-6_vs_gpt-5-2,0.000000
rq-1-24-swarm-coordination-architecture-scale,phase-1,gemini-3-pro,2,tfidf_cosine,cross_model_within_round,gemini-3-pro_vs_gpt-5-2,0.186612
rq-1-24-swarm-coordination-architecture-scale,phase-1,gpt-5-2,2,tfidf_cosine,cross_model_within_round,gemini-3-pro_vs_gpt-5-2,0.186612
rq-1-24-swarm-coordination-architecture-scale,phase-1,gemini-3-pro,2,keyword_jaccard,cross_model_within_round,gemini-3-pro_vs_gpt-5-2,0.125541
rq-1-24-swarm-coordination-architecture-scale,phase-1,gpt-5-2,2,keyword_jaccard,cross_model_within_round,gemini-3-pro_vs_gpt-5-2,0.125541
rq-1-24-swarm-coordination-architecture-scale,phase-1,gemini-3-pro,2,heading_jaccard,cross_model_within_round,gemini-3-pro_vs_gpt-5-2,0.000000
rq-1-24-swarm-coordination-architecture-scale,phase-1,gpt-5-2,2,heading_jaccard,cross_model_within_round,gemini-3-pro_vs_gpt-5-2,0.000000
rq-1-33-tug-end-of-life-disposal,phase-1,claude-opus-4-6,1,tfidf_cosine,cross_model_within_round,claude-opus-4-6_vs_gemini-3-pro,0.511876
rq-1-33-tug-end-of-life-disposal,phase-1,gemini-3-pro,1,tfidf_cosine,cross_model_within_round,claude-opus-4-6_vs_gemini-3-pro,0.511876
rq-1-33-tug-end-of-life-disposal,phase-1,claude-opus-4-6,1,keyword_jaccard,cross_model_within_round,claude-opus-4-6_vs_gemini-3-pro,0.201847
rq-1-33-tug-end-of-life-disposal,phase-1,gemini-3-pro,1,keyword_jaccard,cross_model_within_round,claude-opus-4-6_vs_gemini-3-pro,0.201847
rq-1-33-tug-end-of-life-disposal,phase-1,claude-opus-4-6,1,heading_jaccard,cross_model_within_round,claude-opus-4-6_vs_gemini-3-pro,0.000000
rq-1-33-tug-end-of-life-disposal,phase-1,gemini-3-pro,1,heading_jaccard,cross_model_within_round,claude-opus-4-6_vs_gemini-3-pro,0.000000
rq-1-33-tug-end-of-life-disposal,phase-1,claude-opus-4-6,1,tfidf_cosine,cross_model_within_round,claude-opus-4-6_vs_gpt-5-2,0.456942
rq-1-33-tug-end-of-life-disposal,phase-1,gpt-5-2,1,tfidf_cosine,cross_model_within_round,claude-opus-4-6_vs_gpt-5-2,0.456942
rq-1-33-tug-end-of-life-disposal,phase-1,claude-opus-4-6,1,keyword_jaccard,cross_model_within_round,claude-opus-4-6_vs_gpt-5-2,0.182112
rq-1-33-tug-end-of-life-disposal,phase-1,gpt-5-2,1,keyword_jaccard,cross_model_within_round,claude-opus-4-6_vs_gpt-5-2,0.182112
rq-1-33-tug-end-of-life-disposal,phase-1,claude-opus-4-6,1,heading_jaccard,cross_model_within_round,claude-opus-4-6_vs_gpt-5-2,0.000000
rq-1-33-tug-end-of-life-disposal,phase-1,gpt-5-2,1,heading_jaccard,cross_model_within_round,claude-opus-4-6_vs_gpt-5-2,0.000000
rq-1-33-tug-end-of-life-disposal,phase-1,gemini-3-pro,1,tfidf_cosine,cross_model_within_round,gemini-3-pro_vs_gpt-5-2,0.417209
rq-1-33-tug-end-of-life-disposal,phase-1,gpt-5-2,1,tfidf_cosine,cross_model_within_round,gemini-3-pro_vs_gpt-5-2,0.417209
rq-1-33-tug-end-of-life-disposal,phase-1,gemini-3-pro,1,keyword_jaccard,cross_model_within_round,gemini-3-pro_vs_gpt-5-2,0.183463
rq-1-33-tug-end-of-life-disposal,phase-1,gpt-5-2,1,keyword_jaccard,cross_model_within_round,gemini-3-pro_vs_gpt-5-2,0.183463
rq-1-33-tug-end-of-life-disposal,phase-1,gemini-3-pro,1,heading_jaccard,cross_model_within_round,gemini-3-pro_vs_gpt-5-2,0.000000
rq-1-33-tug-end-of-life-disposal,phase-1,gpt-5-2,1,heading_jaccard,cross_model_within_round,gemini-3-pro_vs_gpt-5-2,0.000000
rq-1-40-slot-reallocation-governance,phase-1,claude-opus-4-6,1,tfidf_cosine,cross_model_within_round,claude-opus-4-6_vs_gemini-3-pro,0.529327
rq-1-40-slot-reallocation-governance,phase-1,gemini-3-pro,1,tfidf_cosine,cross_model_within_round,claude-opus-4-6_vs_gemini-3-pro,0.529327
rq-1-40-slot-reallocation-governance,phase-1,claude-opus-4-6,1,keyword_jaccard,cross_model_within_round,claude-opus-4-6_vs_gemini-3-pro,0.150209
rq-1-40-slot-reallocation-governance,phase-1,gemini-3-pro,1,keyword_jaccard,cross_model_within_round,claude-opus-4-6_vs_gemini-3-pro,0.150209
rq-1-40-slot-reallocation-governance,phase-1,claude-opus-4-6,1,heading_jaccard,cross_model_within_round,claude-opus-4-6_vs_gemini-3-pro,0.000000
rq-1-40-slot-reallocation-governance,phase-1,gemini-3-pro,1,heading_jaccard,cross_model_within_round,claude-opus-4-6_vs_gemini-3-pro,0.000000
rq-1-40-slot-reallocation-governance,phase-1,claude-opus-4-6,1,tfidf_cosine,cross_model_within_round,claude-opus-4-6_vs_gpt-5-2,0.540966
rq-1-40-slot-reallocation-governance,phase-1,gpt-5-2,1,tfidf_cosine,cross_model_within_round,claude-opus-4-6_vs_gpt-5-2,0.540966
rq-1-40-slot-reallocation-governance,phase-1,claude-opus-4-6,1,keyword_jaccard,cross_model_within_round,claude-opus-4-6_vs_gpt-5-2,0.196272
rq-1-40-slot-reallocation-governance,phase-1,gpt-5-2,1,keyword_jaccard,cross_model_within_round,claude-opus-4-6_vs_gpt-5-2,0.196272
rq-1-40-slot-reallocation-governance,phase-1,claude-opus-4-6,1,heading_jaccard,cross_model_within_round,claude-opus-4-6_vs_gpt-5-2,0.000000
rq-1-40-slot-reallocation-governance,phase-1,gpt-5-2,1,heading_jaccard,cross_model_within_round,claude-opus-4-6_vs_gpt-5-2,0.000000
rq-1-40-slot-reallocation-governance,phase-1,gemini-3-pro,1,tfidf_cosine,cross_model_within_round,gemini-3-pro_vs_gpt-5-2,0.477279
rq-1-40-slot-reallocation-governance,phase-1,gpt-5-2,1,tfidf_cosine,cross_model_within_round,gemini-3-pro_vs_gpt-5-2,0.477279
rq-1-40-slot-reallocation-governance,phase-1,gemini-3-pro,1,keyword_jaccard,cross_model_within_round,gemini-3-pro_vs_gpt-5-2,0.130323
rq-1-40-slot-reallocation-governance,phase-1,gpt-5-2,1,keyword_jaccard,cross_model_within_round,gemini-3-pro_vs_gpt-5-2,0.130323
rq-1-40-slot-reallocation-governance,phase-1,gemini-3-pro,1,heading_jaccard,cross_model_within_round,gemini-3-pro_vs_gpt-5-2,0.000000
rq-1-40-slot-reallocation-governance,phase-1,gpt-5-2,1,heading_jaccard,cross_model_within_round,gemini-3-pro_vs_gpt-5-2,0.000000
rq-1-40-slot-reallocation-governance,phase-1,claude-opus-4-6,2,tfidf_cosine,cross_model_within_round,claude-opus-4-6_vs_gemini-3-pro,0.376748
rq-1-40-slot-reallocation-governance,phase-1,gemini-3-pro,2,tfidf_cosine,cross_model_within_round,claude-opus-4-6_vs_gemini-3-pro,0.376748
rq-1-40-slot-reallocation-governance,phase-1,claude-opus-4-6,2,keyword_jaccard,cross_model_within_round,claude-opus-4-6_vs_gemini-3-pro,0.129032
rq-1-40-slot-reallocation-governance,phase-1,gemini-3-pro,2,keyword_jaccard,cross_model_within_round,claude-opus-4-6_vs_gemini-3-pro,0.129032
rq-1-40-slot-reallocation-governance,phase-1,claude-opus-4-6,2,heading_jaccard,cross_model_within_round,claude-opus-4-6_vs_gemini-3-pro,0.000000
rq-1-40-slot-reallocation-governance,phase-1,gemini-3-pro,2,heading_jaccard,cross_model_within_round,claude-opus-4-6_vs_gemini-3-pro,0.000000
rq-1-40-slot-reallocation-governance,phase-1,claude-opus-4-6,2,tfidf_cosine,cross_model_within_round,claude-opus-4-6_vs_gpt-5-2,0.519506
rq-1-40-slot-reallocation-governance,phase-1,gpt-5-2,2,tfidf_cosine,cross_model_within_round,claude-opus-4-6_vs_gpt-5-2,0.519506
rq-1-40-slot-reallocation-governance,phase-1,claude-opus-4-6,2,keyword_jaccard,cross_model_within_round,claude-opus-4-6_vs_gpt-5-2,0.179661
rq-1-40-slot-reallocation-governance,phase-1,gpt-5-2,2,keyword_jaccard,cross_model_within_round,claude-opus-4-6_vs_gpt-5-2,0.179661
rq-1-40-slot-reallocation-governance,phase-1,claude-opus-4-6,2,heading_jaccard,cross_model_within_round,claude-opus-4-6_vs_gpt-5-2,0.000000
rq-1-40-slot-reallocation-governance,phase-1,gpt-5-2,2,heading_jaccard,cross_model_within_round,claude-opus-4-6_vs_gpt-5-2,0.000000
rq-1-40-slot-reallocation-governance,phase-1,gemini-3-pro,2,tfidf_cosine,cross_model_within_round,gemini-3-pro_vs_gpt-5-2,0.372913
rq-1-40-slot-reallocation-governance,phase-1,gpt-5-2,2,tfidf_cosine,cross_model_within_round,gemini-3-pro_vs_gpt-5-2,0.372913
rq-1-40-slot-reallocation-governance,phase-1,gemini-3-pro,2,keyword_jaccard,cross_model_within_round,gemini-3-pro_vs_gpt-5-2,0.152080
rq-1-40-slot-reallocation-governance,phase-1,gpt-5-2,2,keyword_jaccard,cross_model_within_round,gemini-3-pro_vs_gpt-5-2,0.152080
rq-1-40-slot-reallocation-governance,phase-1,gemini-3-pro,2,heading_jaccard,cross_model_within_round,gemini-3-pro_vs_gpt-5-2,0.000000
rq-1-40-slot-reallocation-governance,phase-1,gpt-5-2,2,heading_jaccard,cross_model_within_round,gemini-3-pro_vs_gpt-5-2,0.000000
rq-1-42-node-end-of-life-disposal,phase-1,claude-opus-4-6,1,tfidf_cosine,cross_model_within_round,claude-opus-4-6_vs_gemini-3-pro,0.422194
rq-1-42-node-end-of-life-disposal,phase-1,gemini-3-pro,1,tfidf_cosine,cross_model_within_round,claude-opus-4-6_vs_gemini-3-pro,0.422194
rq-1-42-node-end-of-life-disposal,phase-1,claude-opus-4-6,1,keyword_jaccard,cross_model_within_round,claude-opus-4-6_vs_gemini-3-pro,0.189081
rq-1-42-node-end-of-life-disposal,phase-1,gemini-3-pro,1,keyword_jaccard,cross_model_within_round,claude-opus-4-6_vs_gemini-3-pro,0.189081
rq-1-42-node-end-of-life-disposal,phase-1,claude-opus-4-6,1,heading_jaccard,cross_model_within_round,claude-opus-4-6_vs_gemini-3-pro,0.000000
rq-1-42-node-end-of-life-disposal,phase-1,gemini-3-pro,1,heading_jaccard,cross_model_within_round,claude-opus-4-6_vs_gemini-3-pro,0.000000
rq-1-42-node-end-of-life-disposal,phase-1,claude-opus-4-6,1,tfidf_cosine,cross_model_within_round,claude-opus-4-6_vs_gpt-5-2,0.464715
rq-1-42-node-end-of-life-disposal,phase-1,gpt-5-2,1,tfidf_cosine,cross_model_within_round,claude-opus-4-6_vs_gpt-5-2,0.464715
rq-1-42-node-end-of-life-disposal,phase-1,claude-opus-4-6,1,keyword_jaccard,cross_model_within_round,claude-opus-4-6_vs_gpt-5-2,0.213510
rq-1-42-node-end-of-life-disposal,phase-1,gpt-5-2,1,keyword_jaccard,cross_model_within_round,claude-opus-4-6_vs_gpt-5-2,0.213510
rq-1-42-node-end-of-life-disposal,phase-1,claude-opus-4-6,1,heading_jaccard,cross_model_within_round,claude-opus-4-6_vs_gpt-5-2,0.000000
rq-1-42-node-end-of-life-disposal,phase-1,gpt-5-2,1,heading_jaccard,cross_model_within_round,claude-opus-4-6_vs_gpt-5-2,0.000000
rq-1-42-node-end-of-life-disposal,phase-1,gemini-3-pro,1,tfidf_cosine,cross_model_within_round,gemini-3-pro_vs_gpt-5-2,0.354309
rq-1-42-node-end-of-life-disposal,phase-1,gpt-5-2,1,tfidf_cosine,cross_model_within_round,gemini-3-pro_vs_gpt-5-2,0.354309
rq-1-42-node-end-of-life-disposal,phase-1,gemini-3-pro,1,keyword_jaccard,cross_model_within_round,gemini-3-pro_vs_gpt-5-2,0.193350
rq-1-42-node-end-of-life-disposal,phase-1,gpt-5-2,1,keyword_jaccard,cross_model_within_round,gemini-3-pro_vs_gpt-5-2,0.193350
rq-1-42-node-end-of-life-disposal,phase-1,gemini-3-pro,1,heading_jaccard,cross_model_within_round,gemini-3-pro_vs_gpt-5-2,0.000000
rq-1-42-node-end-of-life-disposal,phase-1,gpt-5-2,1,heading_jaccard,cross_model_within_round,gemini-3-pro_vs_gpt-5-2,0.000000
rq-1-42-node-end-of-life-disposal,phase-1,claude-opus-4-6,2,tfidf_cosine,cross_model_within_round,claude-opus-4-6_vs_gemini-3-pro,0.434295
rq-1-42-node-end-of-life-disposal,phase-1,gemini-3-pro,2,tfidf_cosine,cross_model_within_round,claude-opus-4-6_vs_gemini-3-pro,0.434295
rq-1-42-node-end-of-life-disposal,phase-1,claude-opus-4-6,2,keyword_jaccard,cross_model_within_round,claude-opus-4-6_vs_gemini-3-pro,0.176812
rq-1-42-node-end-of-life-disposal,phase-1,gemini-3-pro,2,keyword_jaccard,cross_model_within_round,claude-opus-4-6_vs_gemini-3-pro,0.176812
rq-1-42-node-end-of-life-disposal,phase-1,claude-opus-4-6,2,heading_jaccard,cross_model_within_round,claude-opus-4-6_vs_gemini-3-pro,0.000000
rq-1-42-node-end-of-life-disposal,phase-1,gemini-3-pro,2,heading_jaccard,cross_model_within_round,claude-opus-4-6_vs_gemini-3-pro,0.000000
rq-1-42-node-end-of-life-disposal,phase-1,claude-opus-4-6,2,tfidf_cosine,cross_model_within_round,claude-opus-4-6_vs_gpt-5-2,0.486992
rq-1-42-node-end-of-life-disposal,phase-1,gpt-5-2,2,tfidf_cosine,cross_model_within_round,claude-opus-4-6_vs_gpt-5-2,0.486992
rq-1-42-node-end-of-life-disposal,phase-1,claude-opus-4-6,2,keyword_jaccard,cross_model_within_round,claude-opus-4-6_vs_gpt-5-2,0.175377
rq-1-42-node-end-of-life-disposal,phase-1,gpt-5-2,2,keyword_jaccard,cross_model_within_round,claude-opus-4-6_vs_gpt-5-2,0.175377
rq-1-42-node-end-of-life-disposal,phase-1,claude-opus-4-6,2,heading_jaccard,cross_model_within_round,claude-opus-4-6_vs_gpt-5-2,0.000000
rq-1-42-node-end-of-life-disposal,phase-1,gpt-5-2,2,heading_jaccard,cross_model_within_round,claude-opus-4-6_vs_gpt-5-2,0.000000
rq-1-42-node-end-of-life-disposal,phase-1,gemini-3-pro,2,tfidf_cosine,cross_model_within_round,gemini-3-pro_vs_gpt-5-2,0.375767
rq-1-42-node-end-of-life-disposal,phase-1,gpt-5-2,2,tfidf_cosine,cross_model_within_round,gemini-3-pro_vs_gpt-5-2,0.375767
rq-1-42-node-end-of-life-disposal,phase-1,gemini-3-pro,2,keyword_jaccard,cross_model_within_round,gemini-3-pro_vs_gpt-5-2,0.161290
rq-1-42-node-end-of-life-disposal,phase-1,gpt-5-2,2,keyword_jaccard,cross_model_within_round,gemini-3-pro_vs_gpt-5-2,0.161290
rq-1-42-node-end-of-life-disposal,phase-1,gemini-3-pro,2,heading_jaccard,cross_model_within_round,gemini-3-pro_vs_gpt-5-2,0.000000
rq-1-42-node-end-of-life-disposal,phase-1,gpt-5-2,2,heading_jaccard,cross_model_within_round,gemini-3-pro_vs_gpt-5-2,0.000000
rq-2-17-fleet-coordination-scale-constraints,phase-2,claude-opus-4-6,1,tfidf_cosine,cross_model_within_round,claude-opus-4-6_vs_gemini-3-pro,0.375560
rq-2-17-fleet-coordination-scale-constraints,phase-2,gemini-3-pro,1,tfidf_cosine,cross_model_within_round,claude-opus-4-6_vs_gemini-3-pro,0.375560
rq-2-17-fleet-coordination-scale-constraints,phase-2,claude-opus-4-6,1,keyword_jaccard,cross_model_within_round,claude-opus-4-6_vs_gemini-3-pro,0.122206
rq-2-17-fleet-coordination-scale-constraints,phase-2,gemini-3-pro,1,keyword_jaccard,cross_model_within_round,claude-opus-4-6_vs_gemini-3-pro,0.122206
rq-2-17-fleet-coordination-scale-constraints,phase-2,claude-opus-4-6,1,heading_jaccard,cross_model_within_round,claude-opus-4-6_vs_gemini-3-pro,0.000000
rq-2-17-fleet-coordination-scale-constraints,phase-2,gemini-3-pro,1,heading_jaccard,cross_model_within_round,claude-opus-4-6_vs_gemini-3-pro,0.000000
rq-2-17-fleet-coordination-scale-constraints,phase-2,claude-opus-4-6,1,tfidf_cosine,cross_model_within_round,claude-opus-4-6_vs_gpt-5-2,0.482494
rq-2-17-fleet-coordination-scale-constraints,phase-2,gpt-5-2,1,tfidf_cosine,cross_model_within_round,claude-opus-4-6_vs_gpt-5-2,0.482494
rq-2-17-fleet-coordination-scale-constraints,phase-2,claude-opus-4-6,1,keyword_jaccard,cross_model_within_round,claude-opus-4-6_vs_gpt-5-2,0.171533
rq-2-17-fleet-coordination-scale-constraints,phase-2,gpt-5-2,1,keyword_jaccard,cross_model_within_round,claude-opus-4-6_vs_gpt-5-2,0.171533
rq-2-17-fleet-coordination-scale-constraints,phase-2,claude-opus-4-6,1,heading_jaccard,cross_model_within_round,claude-opus-4-6_vs_gpt-5-2,0.000000
rq-2-17-fleet-coordination-scale-constraints,phase-2,gpt-5-2,1,heading_jaccard,cross_model_within_round,claude-opus-4-6_vs_gpt-5-2,0.000000
rq-2-17-fleet-coordination-scale-constraints,phase-2,gemini-3-pro,1,tfidf_cosine,cross_model_within_round,gemini-3-pro_vs_gpt-5-2,0.298364
rq-2-17-fleet-coordination-scale-constraints,phase-2,gpt-5-2,1,tfidf_cosine,cross_model_within_round,gemini-3-pro_vs_gpt-5-2,0.298364
rq-2-17-fleet-coordination-scale-constraints,phase-2,gemini-3-pro,1,keyword_jaccard,cross_model_within_round,gemini-3-pro_vs_gpt-5-2,0.094614
rq-2-17-fleet-coordination-scale-constraints,phase-2,gpt-5-2,1,keyword_jaccard,cross_model_within_round,gemini-3-pro_vs_gpt-5-2,0.094614
rq-2-17-fleet-coordination-scale-constraints,phase-2,gemini-3-pro,1,heading_jaccard,cross_model_within_round,gemini-3-pro_vs_gpt-5-2,0.000000
rq-2-17-fleet-coordination-scale-constraints,phase-2,gpt-5-2,1,heading_jaccard,cross_model_within_round,gemini-3-pro_vs_gpt-5-2,0.000000
rq-2-17-fleet-coordination-scale-constraints,phase-2,claude-opus-4-6,2,tfidf_cosine,cross_model_within_round,claude-opus-4-6_vs_gemini-3-pro,0.480144
rq-2-17-fleet-coordination-scale-constraints,phase-2,gemini-3-pro,2,tfidf_cosine,cross_model_within_round,claude-opus-4-6_vs_gemini-3-pro,0.480144
rq-2-17-fleet-coordination-scale-constraints,phase-2,claude-opus-4-6,2,keyword_jaccard,cross_model_within_round,claude-opus-4-6_vs_gemini-3-pro,0.155220
rq-2-17-fleet-coordination-scale-constraints,phase-2,gemini-3-pro,2,keyword_jaccard,cross_model_within_round,claude-opus-4-6_vs_gemini-3-pro,0.155220
rq-2-17-fleet-coordination-scale-constraints,phase-2,claude-opus-4-6,2,heading_jaccard,cross_model_within_round,claude-opus-4-6_vs_gemini-3-pro,0.000000
rq-2-17-fleet-coordination-scale-constraints,phase-2,gemini-3-pro,2,heading_jaccard,cross_model_within_round,claude-opus-4-6_vs_gemini-3-pro,0.000000
rq-2-17-fleet-coordination-scale-constraints,phase-2,claude-opus-4-6,2,tfidf_cosine,cross_model_within_round,claude-opus-4-6_vs_gpt-5-2,0.457924
rq-2-17-fleet-coordination-scale-constraints,phase-2,gpt-5-2,2,tfidf_cosine,cross_model_within_round,claude-opus-4-6_vs_gpt-5-2,0.457924
rq-2-17-fleet-coordination-scale-constraints,phase-2,claude-opus-4-6,2,keyword_jaccard,cross_model_within_round,claude-opus-4-6_vs_gpt-5-2,0.160248
rq-2-17-fleet-coordination-scale-constraints,phase-2,gpt-5-2,2,keyword_jaccard,cross_model_within_round,claude-opus-4-6_vs_gpt-5-2,0.160248
rq-2-17-fleet-coordination-scale-constraints,phase-2,claude-opus-4-6,2,heading_jaccard,cross_model_within_round,claude-opus-4-6_vs_gpt-5-2,0.000000
rq-2-17-fleet-coordination-scale-constraints,phase-2,gpt-5-2,2,heading_jaccard,cross_model_within_round,claude-opus-4-6_vs_gpt-5-2,0.000000
rq-2-17-fleet-coordination-scale-constraints,phase-2,gemini-3-pro,2,tfidf_cosine,cross_model_within_round,gemini-3-pro_vs_gpt-5-2,0.398374
rq-2-17-fleet-coordination-scale-constraints,phase-2,gpt-5-2,2,tfidf_cosine,cross_model_within_round,gemini-3-pro_vs_gpt-5-2,0.398374
rq-2-17-fleet-coordination-scale-constraints,phase-2,gemini-3-pro,2,keyword_jaccard,cross_model_within_round,gemini-3-pro_vs_gpt-5-2,0.121508
rq-2-17-fleet-coordination-scale-constraints,phase-2,gpt-5-2,2,keyword_jaccard,cross_model_within_round,gemini-3-pro_vs_gpt-5-2,0.121508
rq-2-17-fleet-coordination-scale-constraints,phase-2,gemini-3-pro,2,heading_jaccard,cross_model_within_round,gemini-3-pro_vs_gpt-5-2,0.000000
rq-2-17-fleet-coordination-scale-constraints,phase-2,gpt-5-2,2,heading_jaccard,cross_model_within_round,gemini-3-pro_vs_gpt-5-2,0.000000
rq-2-20-swarm-roi-threshold-humanity-power-needs,phase-2,claude-opus-4-6,1,tfidf_cosine,cross_model_within_round,claude-opus-4-6_vs_gemini-3-pro,0.597918
rq-2-20-swarm-roi-threshold-humanity-power-needs,phase-2,gemini-3-pro,1,tfidf_cosine,cross_model_within_round,claude-opus-4-6_vs_gemini-3-pro,0.597918
rq-2-20-swarm-roi-threshold-humanity-power-needs,phase-2,claude-opus-4-6,1,keyword_jaccard,cross_model_within_round,claude-opus-4-6_vs_gemini-3-pro,0.169255
rq-2-20-swarm-roi-threshold-humanity-power-needs,phase-2,gemini-3-pro,1,keyword_jaccard,cross_model_within_round,claude-opus-4-6_vs_gemini-3-pro,0.169255
rq-2-20-swarm-roi-threshold-humanity-power-needs,phase-2,claude-opus-4-6,1,heading_jaccard,cross_model_within_round,claude-opus-4-6_vs_gemini-3-pro,0.000000
rq-2-20-swarm-roi-threshold-humanity-power-needs,phase-2,gemini-3-pro,1,heading_jaccard,cross_model_within_round,claude-opus-4-6_vs_gemini-3-pro,0.000000
rq-2-20-swarm-roi-threshold-humanity-power-needs,phase-2,claude-opus-4-6,1,tfidf_cosine,cross_model_within_round,claude-opus-4-6_vs_gpt-5-2,0.563948
rq-2-20-swarm-roi-threshold-humanity-power-needs,phase-2,gpt-5-2,1,tfidf_cosine,cross_model_within_round,claude-opus-4-6_vs_gpt-5-2,0.563948
rq-2-20-swarm-roi-threshold-humanity-power-needs,phase-2,claude-opus-4-6,1,keyword_jaccard,cross_model_within_round,claude-opus-4-6_vs_gpt-5-2,0.193760
rq-2-20-swarm-roi-threshold-humanity-power-needs,phase-2,gpt-5-2,1,keyword_jaccard,cross_model_within_round,claude-opus-4-6_vs_gpt-5-2,0.193760
rq-2-20-swarm-roi-threshold-humanity-power-needs,phase-2,claude-opus-4-6,1,heading_jaccard,cross_model_within_round,claude-opus-4-6_vs_gpt-5-2,0.000000
rq-2-20-swarm-roi-threshold-humanity-power-needs,phase-2,gpt-5-2,1,heading_jaccard,cross_model_within_round,claude-opus-4-6_vs_gpt-5-2,0.000000
rq-2-20-swarm-roi-threshold-humanity-power-needs,phase-2,gemini-3-pro,1,tfidf_cosine,cross_model_within_round,gemini-3-pro_vs_gpt-5-2,0.538569
rq-2-20-swarm-roi-threshold-humanity-power-needs,phase-2,gpt-5-2,1,tfidf_cosine,cross_model_within_round,gemini-3-pro_vs_gpt-5-2,0.538569
rq-2-20-swarm-roi-threshold-humanity-power-needs,phase-2,gemini-3-pro,1,keyword_jaccard,cross_model_within_round,gemini-3-pro_vs_gpt-5-2,0.162866
rq-2-20-swarm-roi-threshold-humanity-power-needs,phase-2,gpt-5-2,1,keyword_jaccard,cross_model_within_round,gemini-3-pro_vs_gpt-5-2,0.162866
rq-2-20-swarm-roi-threshold-humanity-power-needs,phase-2,gemini-3-pro,1,heading_jaccard,cross_model_within_round,gemini-3-pro_vs_gpt-5-2,0.000000
rq-2-20-swarm-roi-threshold-humanity-power-needs,phase-2,gpt-5-2,1,heading_jaccard,cross_model_within_round,gemini-3-pro_vs_gpt-5-2,0.000000
rq-2-20-swarm-roi-threshold-humanity-power-needs,phase-2,claude-opus-4-6,2,tfidf_cosine,cross_model_within_round,claude-opus-4-6_vs_gemini-3-pro,0.538920
rq-2-20-swarm-roi-threshold-humanity-power-needs,phase-2,gemini-3-pro,2,tfidf_cosine,cross_model_within_round,claude-opus-4-6_vs_gemini-3-pro,0.538920
rq-2-20-swarm-roi-threshold-humanity-power-needs,phase-2,claude-opus-4-6,2,keyword_jaccard,cross_model_within_round,claude-opus-4-6_vs_gemini-3-pro,0.179200
rq-2-20-swarm-roi-threshold-humanity-power-needs,phase-2,gemini-3-pro,2,keyword_jaccard,cross_model_within_round,claude-opus-4-6_vs_gemini-3-pro,0.179200
rq-2-20-swarm-roi-threshold-humanity-power-needs,phase-2,claude-opus-4-6,2,heading_jaccard,cross_model_within_round,claude-opus-4-6_vs_gemini-3-pro,0.000000
rq-2-20-swarm-roi-threshold-humanity-power-needs,phase-2,gemini-3-pro,2,heading_jaccard,cross_model_within_round,claude-opus-4-6_vs_gemini-3-pro,0.000000
rq-2-20-swarm-roi-threshold-humanity-power-needs,phase-2,claude-opus-4-6,2,tfidf_cosine,cross_model_within_round,claude-opus-4-6_vs_gpt-5-2,0.547296
rq-2-20-swarm-roi-threshold-humanity-power-needs,phase-2,gpt-5-2,2,tfidf_cosine,cross_model_within_round,claude-opus-4-6_vs_gpt-5-2,0.547296
rq-2-20-swarm-roi-threshold-humanity-power-needs,phase-2,claude-opus-4-6,2,keyword_jaccard,cross_model_within_round,claude-opus-4-6_vs_gpt-5-2,0.166667
rq-2-20-swarm-roi-threshold-humanity-power-needs,phase-2,gpt-5-2,2,keyword_jaccard,cross_model_within_round,claude-opus-4-6_vs_gpt-5-2,0.166667
rq-2-20-swarm-roi-threshold-humanity-power-needs,phase-2,claude-opus-4-6,2,heading_jaccard,cross_model_within_round,claude-opus-4-6_vs_gpt-5-2,0.000000
rq-2-20-swarm-roi-threshold-humanity-power-needs,phase-2,gpt-5-2,2,heading_jaccard,cross_model_within_round,claude-opus-4-6_vs_gpt-5-2,0.000000
rq-2-20-swarm-roi-threshold-humanity-power-needs,phase-2,gemini-3-pro,2,tfidf_cosine,cross_model_within_round,gemini-3-pro_vs_gpt-5-2,0.561325
rq-2-20-swarm-roi-threshold-humanity-power-needs,phase-2,gpt-5-2,2,tfidf_cosine,cross_model_within_round,gemini-3-pro_vs_gpt-5-2,0.561325
rq-2-20-swarm-roi-threshold-humanity-power-needs,phase-2,gemini-3-pro,2,keyword_jaccard,cross_model_within_round,gemini-3-pro_vs_gpt-5-2,0.159213
rq-2-20-swarm-roi-threshold-humanity-power-needs,phase-2,gpt-5-2,2,keyword_jaccard,cross_model_within_round,gemini-3-pro_vs_gpt-5-2,0.159213
rq-2-20-swarm-roi-threshold-humanity-power-needs,phase-2,gemini-3-pro,2,heading_jaccard,cross_model_within_round,gemini-3-pro_vs_gpt-5-2,0.000000
rq-2-20-swarm-roi-threshold-humanity-power-needs,phase-2,gpt-5-2,2,heading_jaccard,cross_model_within_round,gemini-3-pro_vs_gpt-5-2,0.000000
rq-2-3-billion-unit-collision-avoidance,phase-2,claude-opus-4-6,1,tfidf_cosine,cross_model_within_round,claude-opus-4-6_vs_gemini-3-pro,0.497138
rq-2-3-billion-unit-collision-avoidance,phase-2,gemini-3-pro,1,tfidf_cosine,cross_model_within_round,claude-opus-4-6_vs_gemini-3-pro,0.497138
rq-2-3-billion-unit-collision-avoidance,phase-2,claude-opus-4-6,1,keyword_jaccard,cross_model_within_round,claude-opus-4-6_vs_gemini-3-pro,0.146944
rq-2-3-billion-unit-collision-avoidance,phase-2,gemini-3-pro,1,keyword_jaccard,cross_model_within_round,claude-opus-4-6_vs_gemini-3-pro,0.146944
rq-2-3-billion-unit-collision-avoidance,phase-2,claude-opus-4-6,1,heading_jaccard,cross_model_within_round,claude-opus-4-6_vs_gemini-3-pro,0.000000
rq-2-3-billion-unit-collision-avoidance,phase-2,gemini-3-pro,1,heading_jaccard,cross_model_within_round,claude-opus-4-6_vs_gemini-3-pro,0.000000
rq-2-3-billion-unit-collision-avoidance,phase-2,claude-opus-4-6,1,tfidf_cosine,cross_model_within_round,claude-opus-4-6_vs_gpt-5-2,0.401298
rq-2-3-billion-unit-collision-avoidance,phase-2,gpt-5-2,1,tfidf_cosine,cross_model_within_round,claude-opus-4-6_vs_gpt-5-2,0.401298
rq-2-3-billion-unit-collision-avoidance,phase-2,claude-opus-4-6,1,keyword_jaccard,cross_model_within_round,claude-opus-4-6_vs_gpt-5-2,0.193182
rq-2-3-billion-unit-collision-avoidance,phase-2,gpt-5-2,1,keyword_jaccard,cross_model_within_round,claude-opus-4-6_vs_gpt-5-2,0.193182
rq-2-3-billion-unit-collision-avoidance,phase-2,claude-opus-4-6,1,heading_jaccard,cross_model_within_round,claude-opus-4-6_vs_gpt-5-2,0.000000
rq-2-3-billion-unit-collision-avoidance,phase-2,gpt-5-2,1,heading_jaccard,cross_model_within_round,claude-opus-4-6_vs_gpt-5-2,0.000000
rq-2-3-billion-unit-collision-avoidance,phase-2,gemini-3-pro,1,tfidf_cosine,cross_model_within_round,gemini-3-pro_vs_gpt-5-2,0.327523
rq-2-3-billion-unit-collision-avoidance,phase-2,gpt-5-2,1,tfidf_cosine,cross_model_within_round,gemini-3-pro_vs_gpt-5-2,0.327523
rq-2-3-billion-unit-collision-avoidance,phase-2,gemini-3-pro,1,keyword_jaccard,cross_model_within_round,gemini-3-pro_vs_gpt-5-2,0.147541
rq-2-3-billion-unit-collision-avoidance,phase-2,gpt-5-2,1,keyword_jaccard,cross_model_within_round,gemini-3-pro_vs_gpt-5-2,0.147541
rq-2-3-billion-unit-collision-avoidance,phase-2,gemini-3-pro,1,heading_jaccard,cross_model_within_round,gemini-3-pro_vs_gpt-5-2,0.000000
rq-2-3-billion-unit-collision-avoidance,phase-2,gpt-5-2,1,heading_jaccard,cross_model_within_round,gemini-3-pro_vs_gpt-5-2,0.000000
rq-2-8-autonomous-repair-authority-limits,phase-2,claude-opus-4-6,1,tfidf_cosine,cross_model_within_round,claude-opus-4-6_vs_gemini-3-pro,0.488256
rq-2-8-autonomous-repair-authority-limits,phase-2,gemini-3-pro,1,tfidf_cosine,cross_model_within_round,claude-opus-4-6_vs_gemini-3-pro,0.488256
rq-2-8-autonomous-repair-authority-limits,phase-2,claude-opus-4-6,1,keyword_jaccard,cross_model_within_round,claude-opus-4-6_vs_gemini-3-pro,0.171069
rq-2-8-autonomous-repair-authority-limits,phase-2,gemini-3-pro,1,keyword_jaccard,cross_model_within_round,claude-opus-4-6_vs_gemini-3-pro,0.171069
rq-2-8-autonomous-repair-authority-limits,phase-2,claude-opus-4-6,1,heading_jaccard,cross_model_within_round,claude-opus-4-6_vs_gemini-3-pro,0.000000
rq-2-8-autonomous-repair-authority-limits,phase-2,gemini-3-pro,1,heading_jaccard,cross_model_within_round,claude-opus-4-6_vs_gemini-3-pro,0.000000
rq-2-8-autonomous-repair-authority-limits,phase-2,claude-opus-4-6,1,tfidf_cosine,cross_model_within_round,claude-opus-4-6_vs_gpt-5-2,0.404700
rq-2-8-autonomous-repair-authority-limits,phase-2,gpt-5-2,1,tfidf_cosine,cross_model_within_round,claude-opus-4-6_vs_gpt-5-2,0.404700
rq-2-8-autonomous-repair-authority-limits,phase-2,claude-opus-4-6,1,keyword_jaccard,cross_model_within_round,claude-opus-4-6_vs_gpt-5-2,0.170921
rq-2-8-autonomous-repair-authority-limits,phase-2,gpt-5-2,1,keyword_jaccard,cross_model_within_round,claude-opus-4-6_vs_gpt-5-2,0.170921
rq-2-8-autonomous-repair-authority-limits,phase-2,claude-opus-4-6,1,heading_jaccard,cross_model_within_round,claude-opus-4-6_vs_gpt-5-2,0.000000
rq-2-8-autonomous-repair-authority-limits,phase-2,gpt-5-2,1,heading_jaccard,cross_model_within_round,claude-opus-4-6_vs_gpt-5-2,0.000000
rq-2-8-autonomous-repair-authority-limits,phase-2,gemini-3-pro,1,tfidf_cosine,cross_model_within_round,gemini-3-pro_vs_gpt-5-2,0.389829
rq-2-8-autonomous-repair-authority-limits,phase-2,gpt-5-2,1,tfidf_cosine,cross_model_within_round,gemini-3-pro_vs_gpt-5-2,0.389829
rq-2-8-autonomous-repair-authority-limits,phase-2,gemini-3-pro,1,keyword_jaccard,cross_model_within_round,gemini-3-pro_vs_gpt-5-2,0.167939
rq-2-8-autonomous-repair-authority-limits,phase-2,gpt-5-2,1,keyword_jaccard,cross_model_within_round,gemini-3-pro_vs_gpt-5-2,0.167939
rq-2-8-autonomous-repair-authority-limits,phase-2,gemini-3-pro,1,heading_jaccard,cross_model_within_round,gemini-3-pro_vs_gpt-5-2,0.000000
rq-2-8-autonomous-repair-authority-limits,phase-2,gpt-5-2,1,heading_jaccard,cross_model_within_round,gemini-3-pro_vs_gpt-5-2,0.000000
